{
  "batches": {
    "1": {
      "aggregate_medians_ms": {
        "current": 27.003904342651367,
        "dense": 25.483264923095703,
        "packed": 25.461759567260742
      },
      "aggregate_tokens_per_second": {
        "current": 2370.027651850147,
        "dense": 2511.4521311590747,
        "packed": 2513.5733385171275
      },
      "checksums_consistent_per_sample": true,
      "compile_seconds": {
        "current": 0.9087471961975098,
        "dense": 11.004987716674805,
        "packed": 0.8524398803710938
      },
      "median_sample_speedups": {
        "packed_vs_current": 1.0606085320664627,
        "packed_vs_dense": 1.0011659037008025
      },
      "sample_speedup_ranges": {
        "packed_vs_current": [
          1.0604269713238164,
          1.060871697281513
        ],
        "packed_vs_dense": [
          1.000442295855487,
          1.0013280942189033
        ]
      },
      "samples": [
        {
          "checksums": {
            "current": [
              274,
              1
            ],
            "dense": [
              14,
              1
            ],
            "packed": [
              274,
              1
            ]
          },
          "checksums_consistent": {
            "current": true,
            "dense": true,
            "packed": true
          },
          "current_vs_dense": 0.9430379737899725,
          "medians_ms": {
            "current": 27.019264221191406,
            "dense": 25.480192184448242,
            "packed": 25.46892738342285
          },
          "packed_vs_current": 1.060871697281513,
          "packed_vs_dense": 1.000442295855487,
          "sample": 0,
          "samples_ms": {
            "current": [
              27.019264221191406,
              27.021312713623047,
              27.007999420166016,
              27.024383544921875,
              26.999807357788086,
              27.003904342651367,
              27.032575607299805,
              27.022335052490234,
              27.000831604003906
            ],
            "dense": [
              29.045759201049805,
              25.483264923095703,
              25.466880798339844,
              25.481216430664062,
              25.4781436920166,
              25.47609519958496,
              25.48428726196289,
              25.480192184448242,
              25.466880798339844
            ],
            "packed": [
              25.46892738342285,
              25.454591751098633,
              25.472000122070312,
              25.464832305908203,
              25.448448181152344,
              25.454591751098633,
              25.472000122070312,
              25.47609519958496,
              25.47711944580078
            ]
          }
        },
        {
          "checksums": {
            "current": [
              16,
              0
            ],
            "dense": [
              16,
              0
            ],
            "packed": [
              16,
              0
            ]
          },
          "checksums_consistent": {
            "current": true,
            "dense": true,
            "packed": true
          },
          "current_vs_dense": 0.9441071459871637,
          "medians_ms": {
            "current": 26.986495971679688,
            "dense": 25.4781436920166,
            "packed": 25.444351196289062
          },
          "packed_vs_current": 1.0606085320664627,
          "packed_vs_dense": 1.0013280942189033,
          "sample": 1,
          "samples_ms": {
            "current": [
              26.993663787841797,
              26.9803524017334,
              26.997760772705078,
              26.998783111572266,
              26.977279663085938,
              26.98956871032715,
              26.986495971679688,
              26.986495971679688,
              26.98240089416504
            ],
            "dense": [
              25.497600555419922,
              25.480192184448242,
              25.483264923095703,
              25.46892738342285,
              25.4781436920166,
              25.462783813476562,
              25.46892738342285,
              25.50271987915039,
              25.464832305908203
            ],
            "packed": [
              25.470975875854492,
              25.470975875854492,
              25.441280364990234,
              25.444351196289062,
              25.455615997314453,
              25.444351196289062,
              25.461759567260742,
              25.440256118774414,
              25.442304611206055
            ]
          }
        },
        {
          "checksums": {
            "current": [
              16,
              0
            ],
            "dense": [
              85,
              0
            ],
            "packed": [
              16,
              0
            ]
          },
          "checksums_consistent": {
            "current": true,
            "dense": true,
            "packed": true
          },
          "current_vs_dense": 0.944115842744896,
          "medians_ms": {
            "current": 27.009023666381836,
            "dense": 25.49964714050293,
            "packed": 25.469951629638672
          },
          "packed_vs_current": 1.0604269713238164,
          "packed_vs_dense": 1.0011659037008025,
          "sample": 2,
          "samples_ms": {
            "current": [
              27.013120651245117,
              27.003904342651367,
              27.007999420166016,
              27.009023666381836,
              27.012096405029297,
              27.000831604003906,
              27.004928588867188,
              27.022335052490234,
              27.071487426757812
            ],
            "dense": [
              25.50783920288086,
              25.49964714050293,
              25.50579261779785,
              25.4965763092041,
              25.4965763092041,
              25.483264923095703,
              25.50579261779785,
              25.620479583740234,
              25.482240676879883
            ],
            "packed": [
              25.461759567260742,
              25.469951629638672,
              25.472000122070312,
              25.457664489746094,
              25.473024368286133,
              25.456640243530273,
              25.4597110748291,
              25.489408493041992,
              25.51091194152832
            ]
          }
        }
      ]
    },
    "8": {
      "aggregate_medians_ms": {
        "current": 49.16838455200195,
        "dense": 45.704193115234375,
        "packed": 44.433406829833984
      },
      "aggregate_tokens_per_second": {
        "current": 10413.195484559667,
        "dense": 11202.473232797043,
        "packed": 11522.861660389884
      },
      "checksums_consistent_per_sample": true,
      "compile_seconds": {
        "current": 0.898777961730957,
        "dense": 6.438759803771973,
        "packed": 1.1190197467803955
      },
      "median_sample_speedups": {
        "packed_vs_current": 1.106865459851543,
        "packed_vs_dense": 1.028416037764764
      },
      "sample_speedup_ranges": {
        "packed_vs_current": [
          1.1062442473664815,
          1.107082756877989
        ],
        "packed_vs_dense": [
          1.0279115577761733,
          1.0289631015152747
        ]
      },
      "samples": [
        {
          "checksums": {
            "current": [
              663,
              4
            ],
            "dense": [
              666,
              3
            ],
            "packed": [
              663,
              4
            ]
          },
          "checksums_consistent": {
            "current": true,
            "dense": true,
            "packed": true
          },
          "current_vs_dense": 0.930140973808287,
          "medians_ms": {
            "current": 49.163265228271484,
            "dense": 45.72876739501953,
            "packed": 44.44160079956055
          },
          "packed_vs_current": 1.1062442473664815,
          "packed_vs_dense": 1.0289631015152747,