{
  "adoption_gate": {
    "checksums_pass": true,
    "k6_vs_dense_batch1_observed": 0.9496814360153705,
    "k6_vs_dense_batch8_observed": 0.9312446835816602,
    "k6_vs_k8_batch1_observed": 1.0082020197972046,
    "k6_vs_k8_batch1_pass": false,
    "k6_vs_k8_batch1_required": 1.01,
    "k6_vs_k8_batch8_observed": 1.0022259983086659,
    "k6_vs_k8_batch8_pass": false,
    "k6_vs_k8_batch8_required": 1.01,
    "parity_pass": true,
    "quality_limit_percent": 0.3,
    "quality_observed_percent": 0.13039189994302236,
    "quality_pass": true
  },
  "original_speed_gate": {
    "batch1_observed": 0.9496814360153705,
    "batch1_pass": false,
    "batch1_required": 1.3,
    "batch8_observed": 0.9312446835816602,
    "batch8_pass": false,
    "batch8_required": 1.1
  },
  "parity": [
    {
      "batch": 1,
      "budget": 6,
      "compile_seconds": 0.8682677745819092,
      "compiled_token_checksums": [
        391,
        67,
        926,
        2066,
        273,
        263,
        799,
        14,
        485,
        43,
        378,
        391,
        67,
        926,
        2066,
        16
      ],
      "eager_token_checksums": [
        391,
        67,
        926,
        2066,
        273,
        263,
        799,
        14,
        485,
        43,
        378,
        391,
        67,
        926,
        2066,
        16
      ],
      "finite": true,
      "max_boundary_logit_difference": 4.76837158203125e-06,
      "max_token_logit_difference": 3.814697265625e-06,
      "sequence_equal": true,
      "steps": 16
    },
    {
      "batch": 1,
      "budget": 8,
      "compile_seconds": 0.8550417423248291,
      "compiled_token_checksums": [
        391,
        67,
        926,
        2066,
        273,
        263,
        799,
        16,
        16,
        16,
        16,
        16,
        16,
        16,
        16,
        16
      ],
      "eager_token_checksums": [
        391,
        67,
        926,
        2066,
        273,
        263,
        799,
        16,
        16,
        16,
        16,
        16,
        16,
        16,
        16,
        16
      ],
      "finite": true,
      "max_boundary_logit_difference": 3.814697265625e-06,
      "max_token_logit_difference": 4.76837158203125e-06,
      "sequence_equal": true,
      "steps": 16
    },
    {
      "batch": 8,
      "budget": 6,
      "compile_seconds": 0.873162031173706,
      "compiled_token_checksums": [
        2801,
        3143,
        9811,
        3450,
        947,
        5574,
        2119,
        1613,
        1878,
        5034,
        1612,
        1878,
        5034,
        1353,
        1889,
        1585
      ],
      "eager_token_checksums": [
        2801,
        3143,
        9811,
        3450,
        947,
        5574,
        2119,
        1613,
        1878,
        5034,
        1612,
        1878,
        5034,
        1353,
        1889,
        1585
      ],
      "finite": true,
      "max_boundary_logit_difference": 5.7220458984375e-06,
      "max_token_logit_difference": 6.67572021484375e-06,
      "sequence_equal": true,
      "steps": 16
    },
    {
      "batch": 8,
      "budget": 8,
      "compile_seconds": 0.8704628944396973,
      "compiled_token_checksums": [
        2801,
        3143,
        9811,
        3450,
        947,
        5574,
        2119,
        1613,
        1878,
        5034,
        1612,
        1878,
        5034,
        1353,
        1889,
        1585
      ],
      "eager_token_checksums": [
        2801,
        3143,
        9811,
        3450,
        947,
        5574,
        2119,
        1613,
        1878,
        5034,
        1612,
        1878,
        5034,
        1353,
        1889,
        1585
      ],
      "finite": true,
      "max_boundary_logit_difference": 5.7220458984375e-06,
      "max_token_logit_difference": 5.7220458984375e-06,
      "sequence_equal": true,
      "steps": 16
    }
  ],
  "quality": {
    "context": 512,
    "policy": [
      16,
      2
    ],
    "rows": {
      "6": {
        "absolute_difference": 0.002421209922399248,
        "batch_size": 4,
        "batches": 100,
        "budget": 6,
        "dense_bpb": 1.8568714187439934,
        "paired_95_interval": [
          0.002052706526056881,
          0.0028013136534529052
        ],
        "paired_batch_mean_difference": 0.002427010089754893,
        "raw_bytes": 909197,
        "relative_percent": 0.13039189994302236,
        "sparse_bpb": 1.8592926286663927
      },
      "8": {
        "absolute_difference": 0.002212249364809571,
        "batch_size": 4,
        "batches": 100,
        "budget": 8,
        "dense_bpb": 1.8568714187439934,
        "paired_95_interval": [
          0.001856444237131125,
          0.002578663212093368
        ],
        "paired_batch_mean_difference": 0.0022175537246122467,
        "raw_bytes": 909197,
        "relative_percent": 0.11913853282883521,
        "sparse_bpb": 1.859083668108803
      }
    }
  },
  "recommended_partner_budget": 8,
  "speed": {
    "batches": {
      "1": {
        "aggregate_medians_ms": {
          "dense": 25.49452781677246,
          "k6": 26.836992263793945,
          "k8": 27.058176040649414
        },
        "aggregate_tokens_per_second": {
          "dense": 2510.342629601297,
          "k6": 2384.767986326957,
          "k8": 2365.2739897860447
        },
        "checksums_consistent_per_sample": true,
        "compile_seconds": {
          "dense": 10.784423589706421,
          "k6": 9.46053409576416,
          "k8": 9.063108921051025
        },
        "median_sample_speedups": {
          "k6_vs_dense": 0.9496814360153705,
          "k6_vs_k8": 1.0082020197972046,
          "k8_vs_dense": 0.9419823710289347
        },
        "sample_speedup_ranges": {
          "k6_vs_dense": [
            0.9494201898909014,
            0.9503110296696053
          ],
          "k6_vs_k8": [
            1.0078959215063041,
            1.0082814239698814
          ],
          "k8_vs_dense": [
            0.9419554983696569,
            0.9425057400422684
          ]
        },
        "samples": [
          {
            "checksums": {
              "dense": [
                14,
                1
              ],
              "k6": [
                3712,
                1
              ],
              "k8": [
                274,
                1
              ]
            },
            "checksums_consistent": {
              "dense": true,
              "k6": true,
              "k8": true
            },
            "k6_vs_dense": 0.9496814360153705,
            "k6_vs_k8": 1.0082020197972046,
            "k8_vs_dense": 0.9419554983696569,
            "medians_ms": {
              "dense": 25.491455078125,
              "k6": 26.842111587524414,
              "k8": 27.062271118164062
            },
            "sample": 0,
            "samples_ms": {
              "dense": [
                28.3822078704834,
                25.50067138671875,
                25.479167938232422,
                25.50476837158203,
                25.483264923095703,
                25.480192184448242,
                25.491455078125,
                25.50374412536621,
                25.488384246826172
              ],
              "k6": [
                26.877952575683594,
                26.857471466064453,
                26.845184326171875,
                26.819583892822266,
                26.835968017578125,
                26.843135833740234,
                26.820608139038086,
                26.823680877685547,
                26.842111587524414
              ],