{
  "causal_anchor_exclusion_definition": "At query t, partner candidates exclude every position selected as an anchor at queries <= t. Future anchor decisions are never used.",
  "contexts": {
    "128": {
      "batch_size": 16,
      "batches": 8,
      "context": 128,
      "quality": {
        "anchor_exclusion": {
          "boundary_bits_per_raw_byte": 0.11439506637194824,
          "joint_bits_per_raw_byte": 2.0599023085703934,
          "token_bits_per_raw_byte": 1.9455072421984447
        },
        "anchor_exclusion_relative_joint_delta_percent": 0.19625197213992696,
        "baseline": {
          "boundary_bits_per_raw_byte": 0.11415773220935084,
          "joint_bits_per_raw_byte": 2.0558676278062373,
          "token_bits_per_raw_byte": 1.9417098955968863
        },
        "greedy_token_agreement_fraction": 0.9405517578125
      },
      "raw_bytes": 72945,
      "selection_diagnostics": {
        "distance_zones": {
          "far": {
            "influence_fraction": 0.07070782757389822,
            "selection_event_fraction": 0.059838709677419354,
            "softmax_weight_fraction": 0.07069112022648152
          },
          "middle": {
            "influence_fraction": 0.13589139533675634,
            "selection_event_fraction": 0.1324899193548387,
            "softmax_weight_fraction": 0.13586960292243566
          },
          "near": {
            "influence_fraction": 0.7934007770893454,
            "selection_event_fraction": 0.8076713709677419,
            "softmax_weight_fraction": 0.7934392768510828
          }
        },
        "influence_share_by_rank": [
          0.44789052668608625,
          0.19743849810982048,
          0.12655444410656821,
          0.09077792992319221,
          0.06616226046954327,
          0.04579207633092313,
          0.02509480091434016,
          0.0002894634595262923
        ],
        "maximum_distinct_anchor_owners_for_one_partner": 28,
        "mean_active_partners_per_query": 6.102362204724409,
        "mean_distinct_anchor_owners_per_partner": 4.9931239360175175,
        "mean_distinct_anchor_positions_per_sample": 40.859375,
        "mean_effective_partners": 4.482708427849717,
        "mean_fraction_of_unique_partners_shared_by_multiple_anchors": 0.8547405825249761,
        "mean_top1_weight": 0.44785234496349424,
        "mean_top2_cumulative_weight": 0.6452754088274137,
        "mean_unique_partner_positions_per_sample": 101.7578125,
        "partner_is_any_sequence_anchor_fraction_noncausal_analysis": 0.4078125,
        "partner_is_previous_or_current_anchor_fraction": 0.2956350806451613,
        "queries_with_active_partners": 16256,
        "selection_event_fraction_using_cross_anchor_shared_partner": 0.9760786290322581,
        "weight_share_by_rank": [
          0.4478523380518163,
          0.19742305353004688,
          0.12656070283901913,
          0.09079226799492153,
          0.06617856900602632,
          0.045801789120303416,
          0.02510171224103488,
          0.00028956721683156064
        ]
      }
    },
    "256": {
      "batch_size": 8,
      "batches": 8,
      "context": 256,
      "quality": {
        "anchor_exclusion": {
          "boundary_bits_per_raw_byte": 0.10377732899342512,
          "joint_bits_per_raw_byte": 1.998936090925712,
          "token_bits_per_raw_byte": 1.8951587619322867
        },
        "anchor_exclusion_relative_joint_delta_percent": 0.12830482115084862,
        "baseline": {
          "boundary_bits_per_raw_byte": 0.1036997094504233,
          "joint_bits_per_raw_byte": 1.996374646006652,
          "token_bits_per_raw_byte": 1.8926749365562285
        },
        "greedy_token_agreement_fraction": 0.95257568359375
      },
      "raw_bytes": 74347,
      "selection_diagnostics": {
        "distance_zones": {
          "far": {
            "influence_fraction": 0.034145752101228645,
            "selection_event_fraction": 0.027115758754863814,
            "softmax_weight_fraction": 0.034135484563566694
          },
          "middle": {
            "influence_fraction": 0.07716574428990872,
            "selection_event_fraction": 0.07125486381322957,
            "softmax_weight_fraction": 0.07714891054550146
          },
          "near": {
            "influence_fraction": 0.8886885036088626,
            "selection_event_fraction": 0.9016293774319066,
            "softmax_weight_fraction": 0.8887156048909318
          }
        },
        "influence_share_by_rank": [
          0.4162292931630905,
          0.18977513060104503,
          0.1234421570058155,
          0.09001437560237681,
          0.06860197794912581,
          0.052300762222601514,
          0.03762900704153747,
          0.022007296414407403
        ],
        "maximum_distinct_anchor_owners_for_one_partner": 33,
        "mean_active_partners_per_query": 7.0549019607843135,
        "mean_distinct_anchor_owners_per_partner": 5.809510944534901,
        "mean_distinct_anchor_positions_per_sample": 66.890625,
        "mean_effective_partners": 5.113569611194087,
        "mean_fraction_of_unique_partners_shared_by_multiple_anchors": 0.8572532018525674,
        "mean_top1_weight": 0.41619005390242036,
        "mean_top2_cumulative_weight": 0.6059437246883617,
        "mean_unique_partner_positions_per_sample": 199.421875,
        "partner_is_any_sequence_anchor_fraction_noncausal_analysis": 0.3455478738187882,
        "partner_is_previous_or_current_anchor_fraction": 0.2378752084491384,
        "queries_with_active_partners": 16320,
        "selection_event_fraction_using_cross_anchor_shared_partner": 0.9806055447470817,
        "weight_share_by_rank": [
          0.41619004126668624,
          0.1897536815248412,
          0.12344151418760706,
          0.0900280483162902,
          0.0686160350227707,
          0.052314412179492537,
          0.037641198496027664,
          0.02201506900628439
        ]
      }
    },
    "512": {
      "batch_size": 4,
      "batches": 8,
      "context": 512,
      "quality": {
        "anchor_exclusion": {
          "boundary_bits_per_raw_byte": 0.10920666940109351,
          "joint_bits_per_raw_byte": 2.0126344225649704,
          "token_bits_per_raw_byte": 1.9034277531638772
        },
        "anchor_exclusion_relative_joint_delta_percent": 0.007757650983264419,
        "baseline": {
          "boundary_bits_per_raw_byte": 0.10905054835834713,
          "joint_bits_per_raw_byte": 2.0124783015222243,
          "token_bits_per_raw_byte": 1.9034277531638772
        },
        "greedy_token_agreement_fraction": 0.96563720703125
      },
      "raw_bytes": 73927,
      "selection_diagnostics": {
        "distance_zones": {
          "far": {
            "influence_fraction": 0.023015562984695995,
            "selection_event_fraction": 0.018374707564335846,
            "softmax_weight_fraction": 0.023010337736341934
          },
          "middle": {
            "influence_fraction": 0.04370441894949937,
            "selection_event_fraction": 0.039048284377436966,
            "softmax_weight_fraction": 0.043694386656173693
          },
          "near": {
            "influence_fraction": 0.9332800180658046,
            "selection_event_fraction": 0.9425770080582272,
            "softmax_weight_fraction": 0.9332952756074844
          }
        },
        "influence_share_by_rank": [
          0.3649725377137312,
          0.18222618077939617,
          0.1252157797221334,
          0.09598116857135001,
          0.07703047557520028,
          0.06319002545304983,
          0.051220363354350214,
          0.04016346883078886
        ],
        "maximum_distinct_anchor_owners_for_one_partner": 43,
        "mean_active_partners_per_query": 7.528375733855186,
        "mean_distinct_anchor_owners_per_partner": 6.631663686439839,
        "mean_distinct_anchor_positions_per_sample": 96.84375,
        "mean_effective_partners": 5.80887915803495,