{
  "batches": {
    "1": {
      "aggregate_medians_ms": {
        "current": 25.48531150817871,
        "dense": 25.434112548828125,
        "fused": 25.060352325439453
      },
      "checksums_consistent_per_sample": true,
      "compile_seconds": {
        "current": 0.9004964828491211,
        "dense": 11.006688833236694,
        "fused": 0.7813866138458252
      },
      "median_sample_speedups": {
        "fused_vs_current": 1.0165005838453947,
        "fused_vs_dense": 1.0145881070655614
      },
      "samples": [
        {
          "checksums": {
            "current": [
              274,
              1
            ],
            "dense": [
              14,
              1
            ],
            "fused": [
              274,
              1
            ]
          },
          "checksums_consistent": {
            "current": true,
            "dense": true,
            "fused": true
          },
          "fused_vs_current": 1.0165005838453947,
          "fused_vs_dense": 1.0144993281346533,
          "medians_ms": {
            "current": 25.48531150817871,
            "dense": 25.435136795043945,
            "fused": 25.07161521911621
          },
          "sample": 0,
          "samples_ms": {
            "current": [
              26.801151275634766,
              26.787839889526367,
              25.48531150817871,
              25.5784969329834,
              25.50579261779785,
              25.48531150817871,
              25.47609519958496,
              25.479167938232422,
              25.480192184448242
            ],
            "dense": [
              26.74278450012207,
              25.443328857421875,
              25.432064056396484,
              25.57030487060547,
              25.432064056396484,
              25.433088302612305,
              25.435136795043945,
              25.432064056396484,
              25.438207626342773
            ],
            "fused": [
              26.28505516052246,
              26.299392700195312,
              25.052160263061523,
              25.153535842895508,
              25.078784942626953,
              25.046016693115234,
              25.062400817871094,
              25.07161521911621,
              25.053184509277344
            ]
          }
        },
        {
          "checksums": {
            "current": [
              16,
              0
            ],
            "dense": [
              16,
              0
            ],
            "fused": [
              16,
              0
            ]
          },
          "checksums_consistent": {
            "current": true,
            "dense": true,
            "fused": true
          },
          "fused_vs_current": 1.0161000220348058,
          "fused_vs_dense": 1.0145881070655614,
          "medians_ms": {
            "current": 25.462783813476562,
            "dense": 25.424896240234375,
            "fused": 25.059328079223633
          },
          "sample": 1,
          "samples_ms": {
            "current": [
              25.436159133911133,
              25.4597110748291,
              25.49964714050293,
              25.460735321044922,
              25.462783813476562,
              25.46790313720703,
              25.46892738342285,
              25.454591751098633,
              25.462783813476562
            ],
            "dense": [
              25.396223068237305,
              25.428991317749023,
              25.430015563964844,
              25.414655685424805,
              25.412607192993164,
              25.428991317749023,
              25.424896240234375,
              25.427967071533203,
              25.418752670288086
            ],
            "fused": [
              25.031679153442383,
              25.0644474029541,
              25.07161521911621,
              25.059328079223633,
              25.054208755493164,
              25.060352325439453,
              25.051136016845703,
              25.05523109436035,
              25.067520141601562
            ]
          }
        },
        {
          "checksums": {
            "current": [
              16,
              0
            ],
            "dense": [
              85,
              0
            ],
            "fused": [
              16,
              0
            ]
          },
          "checksums_consistent": {
            "current": true,
            "dense": true,
            "fused": true
          },
          "fused_vs_current": 1.0172061737690863,
          "fused_vs_dense": 1.0153670514138953,
          "medians_ms": {
            "current": 25.48633575439453,
            "dense": 25.440256118774414,
            "fused": 25.05523109436035
          },
          "sample": 2,
          "samples_ms": {
            "current": [
              25.491455078125,
              25.51296043395996,
              25.48531150817871,
              25.473024368286133,
              25.48633575439453,
              25.480192184448242,
              25.48531150817871,
              25.50579261779785,
              25.48633575439453
            ],
            "dense": [
              25.436159133911133,
              25.440256118774414,
              25.439231872558594,
              25.464832305908203,
              25.443328857421875,
              25.439231872558594,
              25.434112548828125,
              25.455615997314453,
              25.450496673583984
            ],
            "fused": [
              25.077760696411133,
              25.070592880249023,
              25.060352325439453,
              25.051136016845703,
              25.069568634033203,
              25.05523109436035,
              25.048063278198242,
              25.047040939331055,
              25.040895462036133
            ]
          }
        }
      ]
    },
    "8": {
      "aggregate_medians_ms": {
        "current": 44.51942443847656,
        "dense": 45.83321762084961,
        "fused": 43.74937438964844
      },
      "checksums_consistent_per_sample": true,
      "compile_seconds": {
        "current": 0.891573429107666,
        "dense": 6.466744422912598,
        "fused": 1.0687248706817627
      },
      "median_sample_speedups": {
        "fused_vs_current": 1.0181012953723145,
        "fused_vs_dense": 1.0477795945270314
      },
      "samples": [
        {
          "checksums": {
            "current": [
              663,
              4
            ],
            "dense": [
              666,
              3
            ],
            "fused": [
              663,
              4
            ]
          },
          "checksums_consistent": {
            "current": true,
            "dense": true,
            "fused": true
          },
          "fused_vs_current": 1.0181012953723145,
          "fused_vs_dense": 1.0488244713462165,
          "medians_ms": {
            "current": 44.52044677734375,
            "dense": 45.86393737792969,
            "fused": 43.72889709472656
          },
          "sample": 0,
          "samples_ms": {
            "current": [
              44.509185791015625,
              44.53171157836914,
              44.5399055480957,
              44.50406265258789,
              44.5296630859375,
              44.52044677734375,
              44.50099182128906,
              44.5030403137207,
              44.52454376220703
            ],
            "dense": [
              45.91001510620117,
              45.879295349121094,
              45.97145462036133,
              45.890560150146484,
              45.86393737792969,
              45.857791900634766,
              45.84550476074219,
              45.842430114746094,
              45.855743408203125
            ],